SEAL ID(private),Application Name(private),Application State,Application Owner Name(private),App Primary IO SID,App Primary IO Name(private),App Backup IO Name(private),Entitlement(private),User Name(private),User SID(private),User Manager Name(private),User Manager SID(private),User Manager +1 Name(private),User Manager +1 SID(private),User Employment Status,User Department(private),User Legal Entity,User Cost Center,User Region(private),User Country(private),User LOB(private),Taxonomy Description,Job Family Description,Environment,Instance Name,Total Distinct number of Users
Sample_331,Student Center,Valid,Owner 5,App_126,Name_80,Backup_368,General Access,AZAZA,B99999,Manager A,Manager A123,Sample,Sample,Sample,Sample Department Trading,103,Sample Technology 33333,Sample,UK,Sample,Sample,Sample,Sample,Sample,250
Sample_322,UCL,Valid,Owner 5,App_304,Name_377,Backup_58,User Profiles,EEEEE,D48488,Manager B,Manager A123,Sample,Sample,Sample,Sample Department Technology,268,Sample Trading 22222,Sample,US,Sample,Sample,Sample,Sample,Sample,250
Sample_114,Moodle,Valid,Owner 2,App_442,Name_187,Backup_60,Market Data,AZAZA,C78787,Manager A,Manager A123,Sample,Sample,Sample,Sample Department Marketing,101,Sample Trading 22222,Sample,US,Sample,Sample,Sample,Sample,Sample,250
Sample_8,Moodle,Valid,Owner 1,App_36,Name_270,Backup_484,User Profiles,EEEEE,A12222,Manager A,Manager A123,Sample,Sample,Sample,Sample Department Technology,34,Sample Marketing 11111,Sample,US,Sample,Sample,Sample,Sample,Sample,250
Sample_21,UCL,Valid,Owner 5,App_204,Name_328,Backup_301,Priority Access,IIIIII,D48488,Manager C,Manager C322,Sample,Sample,Sample,Sample Department Marketing,192,Sample Marketing 11111,Sample,US,Sample,Sample,Sample,Sample,Sample,250
Sample_431,Student Center,Valid,Owner 3,App_61,Name_30,Backup_152,Investment Data,AZAZA,A12222,Manager C,Manager A123,Sample,Sample,Sample,Sample Department Technology,48,Sample Technology 33333,Sample,UK,Sample,Sample,Sample,Sample,Sample,250
Sample_62,Moodle,Valid,Owner 2,App_401,Name_399,Backup_455,Employee Records,ABCDE,B99999,Manager C,Manager C322,Sample,Sample,Sample,Sample Department Marketing,54,Sample Technology 33333,Sample,UK,Sample,Sample,Sample,Sample,Sample,250
Sample_473,Moodle,Valid,Owner 4,App_426,Name_82,Backup_424,Client Data,IIIIII,A12222,Manager B,Manager A123,Sample,Sample,Sample,Sample Department Trading,84,Sample Trading 22222,Sample,UK,Sample,Sample,Sample,Sample,Sample,250
Sample_211,Student Center,Valid,Owner 5,App_425,Name_466,Backup_233,General Access,AZAZA,C78787,Manager A,Manager C322,Sample,Sample,Sample,Sample Department Trading,58,Sample Marketing 11111,Sample,UK,Sample,Sample,Sample,Sample,Sample,250
Sample_150,UCL,Valid,Owner 5,App_270,Name_37,Backup_175,Trading System,AZAZA,A12222,Manager B,Manager B948,Sample,Sample,Sample,Sample Department Technology,199,Sample Technology 33333,Sample,US,Sample,Sample,Sample,Sample,Sample,250
Sample_355,Student Center,Valid,Owner 2,App_40,Name_272,Backup_151,Client Data,AZAZA,D48488,Manager B,Manager C322,Sample,Sample,Sample,Sample Department Marketing,279,Sample Marketing 11111,Sample,US,Sample,Sample,Sample,Sample,Sample,250
Sample_418,Student Center,Valid,Owner 4,App_366,Name_494,Backup_306,Valuable Information,EEEEE,C78787,Manager A,Manager B948,Sample,Sample,Sample,Sample Department Trading,129,Sample Technology 33333,Sample,UK,Sample,Sample,Sample,Sample,Sample,250
Sample_214,Student Center,Valid,Owner 3,App_308,Name_326,Backup_73,Employee Records,EEEEE,A12222,Manager A,Manager C322,Sample,Sample,Sample,Sample Department Marketing,186,Sample Marketing 11111,Sample,UK,Sample,Sample,Sample,Sample,Sample,250
Sample_71,Moodle,Valid,Owner 3,App_465,Name_476,Backup_43,Employee Records,IIIIII,C78787,Manager C,Manager A123,Sample,Sample,Sample,Sample Department Technology,197,Sample Trading 22222,Sample,UK,Sample,Sample,Sample,Sample,Sample,250
Sample_299,Moodle,Valid,Owner 3,App_214,Name_342,Backup_476,User Profiles,IIIIII,A12222,Manager A,Manager C322,Sample,Sample,Sample,Sample Department Marketing,260,Sample Trading 22222,Sample,UK,Sample,Sample,Sample,Sample,Sample,250
Sample_193,Student Center,Valid,Owner 3,App_401,Name_66,Backup_440,Trading System,ABCDE,B99999,Manager B,Manager B948,Sample,Sample,Sample,Sample Department Marketing,240,Sample Trading 22222,Sample,US,Sample,Sample,Sample,Sample,Sample,250
Sample_122,Student Center,Valid,Owner 2,App_65,Name_344,Backup_268,User Profiles,AZAZA,C78787,Manager A,Manager B948,Sample,Sample,Sample,Sample Department Trading,3,Sample Marketing 11111,Sample,UK,Sample,Sample,Sample,Sample,Sample,250
Sample_243,Student Center,Valid,Owner 3,App_452,Name_161,Backup_458,Employee Records,AZAZA,C78787,Manager B,Manager C322,Sample,Sample,Sample,Sample Department Technology,231,Sample Marketing 11111,Sample,UK,Sample,Sample,Sample,Sample,Sample,250
Sample_144,UCL,Valid,Owner 3,App_234,Name_419,Backup_131,User Profiles,EEEEE,D48488,Manager C,Manager C322,Sample,Sample,Sample,Sample Department Marketing,178,Sample Technology 33333,Sample,UK,Sample,Sample,Sample,Sample,Sample,250
Sample_94,UCL,Valid,Owner 4,App_469,Name_183,Backup_140,Valuable Information,IIIIII,A12222,Manager A,Manager C322,Sample,Sample,Sample,Sample Department Technology,96,Sample Technology 33333,Sample,UK,Sample,Sample,Sample,Sample,Sample,250
Sample_276,Student Center,Valid,Owner 2,App_289,Name_293,Backup_276,Market Data,EEEEE,C78787,Manager A,Manager A123,Sample,Sample,Sample,Sample Department Trading,23,Sample Marketing 11111,Sample,UK,Sample,Sample,Sample,Sample,Sample,250
Sample_370,UCL,Valid,Owner 3,App_349,Name_424,Backup_135,Employee Records,AZAZA,B99999,Manager B,Manager C322,Sample,Sample,Sample,Sample Department Marketing,268,Sample Trading 22222,Sample,UK,Sample,Sample,Sample,Sample,Sample,250
Sample_216,UCL,Valid,Owner 3,App_169,Name_418,Backup_125,Client Data,AZAZA,D48488,Manager C,Manager A123,Sample,Sample,Sample,Sample Department Trading,293,Sample Marketing 11111,Sample,US,Sample,Sample,Sample,Sample,Sample,250
Sample_456,UCL,Valid,Owner 3,App_195,Name_106,Backup_247,User Profiles,EEEEE,A12222,Manager C,Manager B948,Sample,Sample,Sample,Sample Department Marketing,300,Sample Technology 33333,Sample,UK,Sample,Sample,Sample,Sample,Sample,250
Sample_85,UCL,Valid,Owner 1,App_228,Name_415,Backup_28,Employee Records,AZAZA,C78787,Manager A,Manager C322,Sample,Sample,Sample,Sample Department Trading,27,Sample Trading 22222,Sample,UK,Sample,Sample,Sample,Sample,Sample,250
Sample_343,Moodle,Valid,Owner 2,App_353,Name_61,Backup_220,Priority Access,AZAZA,B99999,Manager C,Manager C322,Sample,Sample,Sample,Sample Department Marketing,283,Sample Technology 33333,Sample,US,Sample,Sample,Sample,Sample,Sample,250
Sample_57,Student Center,Valid,Owner 1,App_174,Name_489,Backup_273,Employee Records,ABCDE,C78787,Manager A,Manager C322,Sample,Sample,Sample,Sample Department Marketing,104,Sample Marketing 11111,Sample,UK,Sample,Sample,Sample,Sample,Sample,250
Sample_362,Moodle,Valid,Owner 1,App_487,Name_59,Backup_176,Valuable Information,EEEEE,A12222,Manager C,Manager A123,Sample,Sample,Sample,Sample Department Technology,194,Sample Marketing 11111,Sample,UK,Sample,Sample,Sample,Sample,Sample,250
Sample_136,UCL,Valid,Owner 5,App_122,Name_482,Backup_444,Client Data,AZAZA,A12222,Manager C,Manager A123,Sample,Sample,Sample,Sample Department Technology,162,Sample Trading 22222,Sample,UK,Sample,Sample,Sample,Sample,Sample,250
Sample_295,UCL,Valid,Owner 1,App_115,Name_155,Backup_398,User Profiles,IIIIII,C78787,Manager B,Manager A123,Sample,Sample,Sample,Sample Department Trading,61,Sample Technology 33333,Sample,UK,Sample,Sample,Sample,Sample,Sample,250
Sample_80,Student Center,Valid,Owner 3,App_323,Name_373,Backup_143,Market Data,IIIIII,C78787,Manager A,Manager A123,Sample,Sample,Sample,Sample Department Marketing,120,Sample Trading 22222,Sample,UK,Sample,Sample,Sample,Sample,Sample,250
Sample_63,UCL,Valid,Owner 3,App_330,Name_311,Backup_334,Market Data,AZAZA,D48488,Manager B,Manager A123,Sample,Sample,Sample,Sample Department Marketing,112,Sample Technology 33333,Sample,UK,Sample,Sample,Sample,Sample,Sample,250
Sample_251,UCL,Valid,Owner 1,App_456,Name_55,Backup_469,Trading System,AZAZA,C78787,Manager B,Manager C322,Sample,Sample,Sample,Sample Department Marketing,150,Sample Technology 33333,Sample,UK,Sample,Sample,Sample,Sample,Sample,250
Sample_404,UCL,Valid,Owner 5,App_362,Name_140,Backup_206,Client Data,ABCDE,A12222,Manager B,Manager A123,Sample,Sample,Sample,Sample Department Technology,154,Sample Trading 22222,Sample,UK,Sample,Sample,Sample,Sample,Sample,250
Sample_48,Moodle,Valid,Owner 3,App_284,Name_303,Backup_291,Market Data,AZAZA,B99999,Manager A,Manager B948,Sample,Sample,Sample,Sample Department Marketing,171,Sample Technology 33333,Sample,UK,Sample,Sample,Sample,Sample,Sample,250
Sample_277,UCL,Valid,Owner 1,App_241,Name_240,Backup_111,Employee Records,IIIIII,D48488,Manager A,Manager C322,Sample,Sample,Sample,Sample Department Marketing,4,Sample Trading 22222,Sample,UK,Sample,Sample,Sample,Sample,Sample,250
Sample_475,UCL,Valid,Owner 3,App_6,Name_493,Backup_139,Valuable Information,AZAZA,B99999,Manager C,Manager B948,Sample,Sample,Sample,Sample Department Marketing,72,Sample Trading 22222,Sample,UK,Sample,Sample,Sample,Sample,Sample,250
Sample_106,Moodle,Valid,Owner 4,App_277,Name_124,Backup_43,Investment Data,AZAZA,C78787,Manager A,Manager C322,Sample,Sample,Sample,Sample Department Trading,66,Sample Marketing 11111,Sample,US,Sample,Sample,Sample,Sample,Sample,250
Sample_63,Student Center,Valid,Owner 4,App_114,Name_256,Backup_386,Trading System,EEEEE,D48488,Manager B,Manager C322,Sample,Sample,Sample,Sample Department Marketing,153,Sample Marketing 11111,Sample,US,Sample,Sample,Sample,Sample,Sample,250
Sample_39,Student Center,Valid,Owner 2,App_316,Name_73,Backup_257,Valuable Information,IIIIII,A12222,Manager B,Manager B948,Sample,Sample,Sample,Sample Department Trading,10,Sample Marketing 11111,Sample,US,Sample,Sample,Sample,Sample,Sample,250
Sample_420,Student Center,Valid,Owner 1,App_243,Name_117,Backup_47,Market Data,ABCDE,A12222,Manager C,Manager A123,Sample,Sample,Sample,Sample Department Marketing,166,Sample Marketing 11111,Sample,UK,Sample,Sample,Sample,Sample,Sample,250
Sample_437,Moodle,Valid,Owner 5,App_341,Name_250,Backup_226,Market Data,AZAZA,C78787,Manager A,Manager B948,Sample,Sample,Sample,Sample Department Trading,36,Sample Trading 22222,Sample,US,Sample,Sample,Sample,Sample,Sample,250
Sample_413,Moodle,Valid,Owner 5,App_146,Name_223,Backup_461,Priority Access,AZAZA,A12222,Manager B,Manager C322,Sample,Sample,Sample,Sample Department Technology,273,Sample Trading 22222,Sample,US,Sample,Sample,Sample,Sample,Sample,250
Sample_198,Student Center,Valid,Owner 5,App_428,Name_269,Backup_433,Investment Data,IIIIII,D48488,Manager B,Manager C322,Sample,Sample,Sample,Sample Department Marketing,285,Sample Technology 33333,Sample,US,Sample,Sample,Sample,Sample,Sample,250
Sample_418,Student Center,Valid,Owner 5,App_282,Name_32,Backup_500,Market Data,EEEEE,B99999,Manager A,Manager B948,Sample,Sample,Sample,Sample Department Marketing,102,Sample Marketing 11111,Sample,US,Sample,Sample,Sample,Sample,Sample,250
Sample_290,Student Center,Valid,Owner 5,App_438,Name_443,Backup_275,Investment Data,AZAZA,D48488,Manager C,Manager B948,Sample,Sample,Sample,Sample Department Technology,295,Sample Technology 33333,Sample,US,Sample,Sample,Sample,Sample,Sample,250
Sample_198,Student Center,Valid,Owner 2,App_476,Name_210,Backup_105,Valuable Information,IIIIII,D48488,Manager B,Manager A123,Sample,Sample,Sample,Sample Department Technology,172,Sample Technology 33333,Sample,US,Sample,Sample,Sample,Sample,Sample,250
Sample_303,UCL,Valid,Owner 4,App_145,Name_472,Backup_108,Valuable Information,AZAZA,B99999,Manager C,Manager A123,Sample,Sample,Sample,Sample Department Marketing,276,Sample Technology 33333,Sample,US,Sample,Sample,Sample,Sample,Sample,250
Sample_244,UCL,Valid,Owner 3,App_184,Name_197,Backup_202,Trading System,ABCDE,B99999,Manager B,Manager B948,Sample,Sample,Sample,Sample Department Trading,28,Sample Marketing 11111,Sample,US,Sample,Sample,Sample,Sample,Sample,250
Sample_69,Moodle,Valid,Owner 1,App_198,Name_117,Backup_433,Employee Records,AZAZA,A12222,Manager A,Manager B948,Sample,Sample,Sample,Sample Department Technology,166,Sample Marketing 11111,Sample,UK,Sample,Sample,Sample,Sample,Sample,250
Sample_371,UCL,Valid,Owner 1,App_265,Name_498,Backup_384,Priority Access,ABCDE,C78787,Manager C,Manager A123,Sample,Sample,Sample,Sample Department Marketing,51,Sample Marketing 11111,Sample,US,Sample,Sample,Sample,Sample,Sample,250
Sample_469,UCL,Valid,Owner 1,App_451,Name_454,Backup_194,Employee Records,EEEEE,A12222,Manager B,Manager C322,Sample,Sample,Sample,Sample Department Marketing,222,Sample Trading 22222,Sample,UK,Sample,Sample,Sample,Sample,Sample,250
Sample_11,Student Center,Valid,Owner 3,App_169,Name_237,Backup_84,Client Data,AZAZA,D48488,Manager B,Manager A123,Sample,Sample,Sample,Sample Department Trading,166,Sample Trading 22222,Sample,UK,Sample,Sample,Sample,Sample,Sample,250
Sample_275,Student Center,Valid,Owner 4,App_468,Name_170,Backup_122,Client Data,EEEEE,C78787,Manager B,Manager A123,Sample,Sample,Sample,Sample Department Technology,267,Sample Marketing 11111,Sample,UK,Sample,Sample,Sample,Sample,Sample,250
Sample_131,Moodle,Valid,Owner 3,App_435,Name_485,Backup_450,Trading System,ABCDE,A12222,Manager C,Manager C322,Sample,Sample,Sample,Sample Department Marketing,252,Sample Marketing 11111,Sample,US,Sample,Sample,Sample,Sample,Sample,250
Sample_444,Moodle,Valid,Owner 5,App_15,Name_309,Backup_346,Market Data,AZAZA,D48488,Manager A,Manager B948,Sample,Sample,Sample,Sample Department Trading,263,Sample Marketing 11111,Sample,UK,Sample,Sample,Sample,Sample,Sample,250
Sample_79,UCL,Valid,Owner 4,App_176,Name_139,Backup_175,Trading System,IIIIII,A12222,Manager C,Manager C322,Sample,Sample,Sample,Sample Department Trading,93,Sample Trading 22222,Sample,UK,Sample,Sample,Sample,Sample,Sample,250
Sample_450,Student Center,Valid,Owner 4,App_496,Name_212,Backup_303,Trading System,ABCDE,C78787,Manager C,Manager C322,Sample,Sample,Sample,Sample Department Marketing,244,Sample Marketing 11111,Sample,UK,Sample,Sample,Sample,Sample,Sample,250
Sample_240,Moodle,Valid,Owner 3,App_293,Name_77,Backup_423,Valuable Information,AZAZA,A12222,Manager B,Manager C322,Sample,Sample,Sample,Sample Department Technology,2,Sample Trading 22222,Sample,US,Sample,Sample,Sample,Sample,Sample,250
Sample_317,Student Center,Valid,Owner 3,App_76,Name_84,Backup_126,User Profiles,EEEEE,A12222,Manager A,Manager A123,Sample,Sample,Sample,Sample Department Marketing,74,Sample Marketing 11111,Sample,US,Sample,Sample,Sample,Sample,Sample,250
Sample_189,Student Center,Valid,Owner 2,App_83,Name_161,Backup_363,User Profiles,EEEEE,A12222,Manager C,Manager B948,Sample,Sample,Sample,Sample Department Technology,49,Sample Marketing 11111,Sample,UK,Sample,Sample,Sample,Sample,Sample,250
Sample_199,UCL,Valid,Owner 1,App_351,Name_225,Backup_295,Priority Access,ABCDE,B99999,Manager C,Manager A123,Sample,Sample,Sample,Sample Department Technology,298,Sample Technology 33333,Sample,US,Sample,Sample,Sample,Sample,Sample,250
Sample_199,Moodle,Valid,Owner 1,App_173,Name_264,Backup_417,Investment Data,ABCDE,D48488,Manager C,Manager A123,Sample,Sample,Sample,Sample Department Trading,142,Sample Trading 22222,Sample,UK,Sample,Sample,Sample,Sample,Sample,250
Sample_406,Moodle,Valid,Owner 4,App_392,Name_186,Backup_195,Market Data,AZAZA,D48488,Manager A,Manager C322,Sample,Sample,Sample,Sample Department Marketing,226,Sample Technology 33333,Sample,US,Sample,Sample,Sample,Sample,Sample,250
Sample_492,Student Center,Valid,Owner 4,App_271,Name_454,Backup_415,User Profiles,IIIIII,D48488,Manager C,Manager A123,Sample,Sample,Sample,Sample Department Marketing,228,Sample Marketing 11111,Sample,US,Sample,Sample,Sample,Sample,Sample,250
Sample_29,UCL,Valid,Owner 1,App_188,Name_60,Backup_226,Client Data,ABCDE,C78787,Manager A,Manager C322,Sample,Sample,Sample,Sample Department Technology,215,Sample Trading 22222,Sample,UK,Sample,Sample,Sample,Sample,Sample,250
Sample_290,Moodle,Valid,Owner 5,App_478,Name_138,Backup_417,Valuable Information,AZAZA,D48488,Manager A,Manager B948,Sample,Sample,Sample,Sample Department Marketing,135,Sample Technology 33333,Sample,US,Sample,Sample,Sample,Sample,Sample,250
Sample_337,Student Center,Valid,Owner 3,App_424,Name_381,Backup_473,Trading System,ABCDE,D48488,Manager C,Manager A123,Sample,Sample,Sample,Sample Department Trading,203,Sample Trading 22222,Sample,UK,Sample,Sample,Sample,Sample,Sample,250
Sample_390,Moodle,Valid,Owner 2,App_334,Name_431,Backup_137,Client Data,IIIIII,B99999,Manager A,Manager B948,Sample,Sample,Sample,Sample Department Technology,21,Sample Marketing 11111,Sample,UK,Sample,Sample,Sample,Sample,Sample,250
Sample_161,Student Center,Valid,Owner 3,App_297,Name_174,Backup_397,General Access,AZAZA,C78787,Manager A,Manager B948,Sample,Sample,Sample,Sample Department Trading,157,Sample Marketing 11111,Sample,UK,Sample,Sample,Sample,Sample,Sample,250
Sample_392,Student Center,Valid,Owner 4,App_104,Name_458,Backup_230,Investment Data,EEEEE,C78787,Manager C,Manager B948,Sample,Sample,Sample,Sample Department Trading,184,Sample Trading 22222,Sample,UK,Sample,Sample,Sample,Sample,Sample,250
Sample_135,Moodle,Valid,Owner 1,App_166,Name_168,Backup_177,General Access,IIIIII,B99999,Manager B,Manager C322,Sample,Sample,Sample,Sample Department Trading,220,Sample Marketing 11111,Sample,UK,Sample,Sample,Sample,Sample,Sample,250
Sample_153,UCL,Valid,Owner 4,App_86,Name_289,Backup_98,Trading System,ABCDE,C78787,Manager A,Manager A123,Sample,Sample,Sample,Sample Department Trading,234,Sample Technology 33333,Sample,UK,Sample,Sample,Sample,Sample,Sample,250
Sample_443,Moodle,Valid,Owner 5,App_415,Name_136,Backup_29,Market Data,AZAZA,A12222,Manager B,Manager C322,Sample,Sample,Sample,Sample Department Technology,274,Sample Marketing 11111,Sample,UK,Sample,Sample,Sample,Sample,Sample,250
Sample_491,UCL,Valid,Owner 5,App_472,Name_286,Backup_45,Valuable Information,IIIIII,D48488,Manager B,Manager C322,Sample,Sample,Sample,Sample Department Trading,248,Sample Technology 33333,Sample,UK,Sample,Sample,Sample,Sample,Sample,250
Sample_173,Student Center,Valid,Owner 5,App_368,Name_390,Backup_159,Valuable Information,AZAZA,B99999,Manager C,Manager B948,Sample,Sample,Sample,Sample Department Technology,209,Sample Marketing 11111,Sample,UK,Sample,Sample,Sample,Sample,Sample,250
Sample_209,Student Center,Valid,Owner 1,App_127,Name_94,Backup_152,Valuable Information,ABCDE,A12222,Manager B,Manager C322,Sample,Sample,Sample,Sample Department Technology,198,Sample Technology 33333,Sample,US,Sample,Sample,Sample,Sample,Sample,250
Sample_282,Moodle,Valid,Owner 2,App_406,Name_89,Backup_232,Market Data,ABCDE,B99999,Manager B,Manager C322,Sample,Sample,Sample,Sample Department Trading,121,Sample Trading 22222,Sample,UK,Sample,Sample,Sample,Sample,Sample,250
Sample_458,Moodle,Valid,Owner 1,App_403,Name_62,Backup_465,General Access,IIIIII,C78787,Manager A,Manager A123,Sample,Sample,Sample,Sample Department Technology,248,Sample Marketing 11111,Sample,UK,Sample,Sample,Sample,Sample,Sample,250
Sample_480,Student Center,Valid,Owner 2,App_264,Name_256,Backup_73,User Profiles,IIIIII,D48488,Manager B,Manager C322,Sample,Sample,Sample,Sample Department Technology,15,Sample Marketing 11111,Sample,US,Sample,Sample,Sample,Sample,Sample,250
Sample_297,Moodle,Valid,Owner 3,App_379,Name_323,Backup_78,Trading System,EEEEE,A12222,Manager B,Manager C322,Sample,Sample,Sample,Sample Department Technology,189,Sample Technology 33333,Sample,US,Sample,Sample,Sample,Sample,Sample,250
Sample_105,Student Center,Valid,Owner 4,App_364,Name_197,Backup_396,Employee Records,AZAZA,C78787,Manager A,Manager C322,Sample,Sample,Sample,Sample Department Trading,187,Sample Trading 22222,Sample,UK,Sample,Sample,Sample,Sample,Sample,250
Sample_130,Student Center,Valid,Owner 5,App_334,Name_396,Backup_401,Valuable Information,AZAZA,A12222,Manager A,Manager B948,Sample,Sample,Sample,Sample Department Marketing,274,Sample Marketing 11111,Sample,US,Sample,Sample,Sample,Sample,Sample,250
Sample_119,Student Center,Valid,Owner 3,App_300,Name_430,Backup_413,Employee Records,IIIIII,B99999,Manager A,Manager C322,Sample,Sample,Sample,Sample Department Trading,188,Sample Marketing 11111,Sample,UK,Sample,Sample,Sample,Sample,Sample,250
Sample_48,Moodle,Valid,Owner 5,App_467,Name_221,Backup_461,Trading System,ABCDE,C78787,Manager B,Manager C322,Sample,Sample,Sample,Sample Department Trading,154,Sample Trading 22222,Sample,UK,Sample,Sample,Sample,Sample,Sample,250
Sample_35,Moodle,Valid,Owner 3,App_183,Name_21,Backup_402,Market Data,EEEEE,B99999,Manager B,Manager C322,Sample,Sample,Sample,Sample Department Marketing,286,Sample Technology 33333,Sample,UK,Sample,Sample,Sample,Sample,Sample,250
Sample_2,UCL,Valid,Owner 1,App_326,Name_212,Backup_436,Market Data,IIIIII,B99999,Manager C,Manager C322,Sample,Sample,Sample,Sample Department Marketing,206,Sample Technology 33333,Sample,US,Sample,Sample,Sample,Sample,Sample,250
Sample_490,UCL,Valid,Owner 2,App_263,Name_251,Backup_436,Investment Data,IIIIII,A12222,Manager C,Manager C322,Sample,Sample,Sample,Sample Department Trading,210,Sample Trading 22222,Sample,UK,Sample,Sample,Sample,Sample,Sample,250
Sample_119,Moodle,Valid,Owner 4,App_293,Name_57,Backup_345,User Profiles,ABCDE,A12222,Manager B,Manager C322,Sample,Sample,Sample,Sample Department Trading,5,Sample Technology 33333,Sample,US,Sample,Sample,Sample,Sample,Sample,250
Sample_343,UCL,Valid,Owner 4,App_211,Name_177,Backup_26,Market Data,ABCDE,D48488,Manager C,Manager B948,Sample,Sample,Sample,Sample Department Technology,225,Sample Trading 22222,Sample,UK,Sample,Sample,Sample,Sample,Sample,250
Sample_192,Student Center,Valid,Owner 1,App_62,Name_146,Backup_476,Priority Access,EEEEE,A12222,Manager B,Manager C322,Sample,Sample,Sample,Sample Department Marketing,142,Sample Marketing 11111,Sample,UK,Sample,Sample,Sample,Sample,Sample,250
Sample_358,Student Center,Valid,Owner 5,App_126,Name_95,Backup_120,Employee Records,AZAZA,A12222,Manager B,Manager C322,Sample,Sample,Sample,Sample Department Trading,179,Sample Marketing 11111,Sample,UK,Sample,Sample,Sample,Sample,Sample,250
Sample_180,Moodle,Valid,Owner 5,App_322,Name_182,Backup_107,Valuable Information,IIIIII,B99999,Manager B,Manager B948,Sample,Sample,Sample,Sample Department Trading,46,Sample Technology 33333,Sample,UK,Sample,Sample,Sample,Sample,Sample,250
Sample_89,Moodle,Valid,Owner 5,App_480,Name_495,Backup_406,User Profiles,EEEEE,C78787,Manager A,Manager A123,Sample,Sample,Sample,Sample Department Marketing,227,Sample Technology 33333,Sample,UK,Sample,Sample,Sample,Sample,Sample,250
Sample_382,UCL,Valid,Owner 3,App_147,Name_361,Backup_373,Investment Data,AZAZA,C78787,Manager A,Manager C322,Sample,Sample,Sample,Sample Department Marketing,152,Sample Marketing 11111,Sample,US,Sample,Sample,Sample,Sample,Sample,250
Sample_175,UCL,Valid,Owner 4,App_240,Name_470,Backup_265,General Access,IIIIII,B99999,Manager B,Manager C322,Sample,Sample,Sample,Sample Department Marketing,117,Sample Trading 22222,Sample,US,Sample,Sample,Sample,Sample,Sample,250
Sample_61,Student Center,Valid,Owner 5,App_331,Name_482,Backup_357,User Profiles,ABCDE,B99999,Manager B,Manager B948,Sample,Sample,Sample,Sample Department Marketing,300,Sample Marketing 11111,Sample,US,Sample,Sample,Sample,Sample,Sample,250
Sample_353,Moodle,Valid,Owner 1,App_378,Name_482,Backup_307,General Access,IIIIII,B99999,Manager B,Manager B948,Sample,Sample,Sample,Sample Department Marketing,258,Sample Marketing 11111,Sample,US,Sample,Sample,Sample,Sample,Sample,250
Sample_330,Moodle,Valid,Owner 1,App_25,Name_322,Backup_375,Trading System,IIIIII,D48488,Manager B,Manager C322,Sample,Sample,Sample,Sample Department Marketing,225,Sample Marketing 11111,Sample,UK,Sample,Sample,Sample,Sample,Sample,250
Sample_186,Moodle,Valid,Owner 2,App_56,Name_255,Backup_428,User Profiles,AZAZA,D48488,Manager B,Manager B948,Sample,Sample,Sample,Sample Department Technology,256,Sample Marketing 11111,Sample,US,Sample,Sample,Sample,Sample,Sample,250
Sample_12,UCL,Valid,Owner 5,App_232,Name_496,Backup_93,Priority Access,ABCDE,C78787,Manager B,Manager A123,Sample,Sample,Sample,Sample Department Trading,291,Sample Marketing 11111,Sample,US,Sample,Sample,Sample,Sample,Sample,250
Sample_348,Moodle,Valid,Owner 3,App_494,Name_386,Backup_222,Investment Data,IIIIII,B99999,Manager C,Manager A123,Sample,Sample,Sample,Sample Department Marketing,223,Sample Trading 22222,Sample,UK,Sample,Sample,Sample,Sample,Sample,250
Sample_51,UCL,Valid,Owner 2,App_257,Name_396,Backup_311,Priority Access,AZAZA,B99999,Manager B,Manager A123,Sample,Sample,Sample,Sample Department Technology,102,Sample Trading 22222,Sample,UK,Sample,Sample,Sample,Sample,Sample,250
Sample_338,UCL,Valid,Owner 5,App_121,Name_143,Backup_306,Priority Access,IIIIII,C78787,Manager C,Manager B948,Sample,Sample,Sample,Sample Department Trading,211,Sample Technology 33333,Sample,US,Sample,Sample,Sample,Sample,Sample,250
Sample_471,Student Center,Valid,Owner 3,App_407,Name_193,Backup_26,Priority Access,AZAZA,B99999,Manager C,Manager A123,Sample,Sample,Sample,Sample Department Technology,173,Sample Trading 22222,Sample,US,Sample,Sample,Sample,Sample,Sample,250
Sample_247,Moodle,Valid,Owner 1,App_452,Name_85,Backup_327,Valuable Information,ABCDE,B99999,Manager B,Manager B948,Sample,Sample,Sample,Sample Department Marketing,233,Sample Trading 22222,Sample,UK,Sample,Sample,Sample,Sample,Sample,250
Sample_32,UCL,Valid,Owner 4,App_399,Name_480,Backup_183,General Access,EEEEE,C78787,Manager A,Manager B948,Sample,Sample,Sample,Sample Department Technology,249,Sample Technology 33333,Sample,US,Sample,Sample,Sample,Sample,Sample,250
Sample_144,Student Center,Valid,Owner 1,App_82,Name_277,Backup_224,Employee Records,ABCDE,B99999,Manager B,Manager B948,Sample,Sample,Sample,Sample Department Marketing,145,Sample Technology 33333,Sample,UK,Sample,Sample,Sample,Sample,Sample,250
Sample_315,UCL,Valid,Owner 1,App_326,Name_456,Backup_62,Client Data,EEEEE,D48488,Manager B,Manager C322,Sample,Sample,Sample,Sample Department Marketing,10,Sample Marketing 11111,Sample,UK,Sample,Sample,Sample,Sample,Sample,250
Sample_490,Moodle,Valid,Owner 1,App_152,Name_467,Backup_58,General Access,IIIIII,C78787,Manager B,Manager A123,Sample,Sample,Sample,Sample Department Technology,250,Sample Marketing 11111,Sample,UK,Sample,Sample,Sample,Sample,Sample,250
Sample_238,UCL,Valid,Owner 5,App_170,Name_213,Backup_179,Trading System,EEEEE,B99999,Manager A,Manager C322,Sample,Sample,Sample,Sample Department Trading,265,Sample Trading 22222,Sample,US,Sample,Sample,Sample,Sample,Sample,250
Sample_53,UCL,Valid,Owner 1,App_189,Name_51,Backup_254,General Access,IIIIII,B99999,Manager A,Manager B948,Sample,Sample,Sample,Sample Department Trading,73,Sample Trading 22222,Sample,UK,Sample,Sample,Sample,Sample,Sample,250
Sample_165,UCL,Valid,Owner 5,App_304,Name_118,Backup_111,Market Data,IIIIII,A12222,Manager B,Manager C322,Sample,Sample,Sample,Sample Department Trading,129,Sample Technology 33333,Sample,US,Sample,Sample,Sample,Sample,Sample,250
Sample_220,Student Center,Valid,Owner 5,App_129,Name_88,Backup_482,General Access,IIIIII,A12222,Manager C,Manager A123,Sample,Sample,Sample,Sample Department Technology,194,Sample Trading 22222,Sample,UK,Sample,Sample,Sample,Sample,Sample,250
Sample_173,Student Center,Valid,Owner 1,App_129,Name_432,Backup_496,User Profiles,AZAZA,C78787,Manager A,Manager B948,Sample,Sample,Sample,Sample Department Technology,164,Sample Trading 22222,Sample,UK,Sample,Sample,Sample,Sample,Sample,250
Sample_448,UCL,Valid,Owner 5,App_205,Name_56,Backup_55,Investment Data,IIIIII,B99999,Manager B,Manager A123,Sample,Sample,Sample,Sample Department Trading,246,Sample Technology 33333,Sample,US,Sample,Sample,Sample,Sample,Sample,250
Sample_311,Student Center,Valid,Owner 5,App_55,Name_72,Backup_404,Client Data,IIIIII,B99999,Manager B,Manager B948,Sample,Sample,Sample,Sample Department Technology,39,Sample Marketing 11111,Sample,UK,Sample,Sample,Sample,Sample,Sample,250
Sample_307,UCL,Valid,Owner 2,App_411,Name_226,Backup_214,Priority Access,EEEEE,C78787,Manager A,Manager B948,Sample,Sample,Sample,Sample Department Marketing,72,Sample Technology 33333,Sample,US,Sample,Sample,Sample,Sample,Sample,250
Sample_449,Student Center,Valid,Owner 2,App_417,Name_38,Backup_184,Valuable Information,ABCDE,B99999,Manager A,Manager B948,Sample,Sample,Sample,Sample Department Technology,155,Sample Trading 22222,Sample,UK,Sample,Sample,Sample,Sample,Sample,250
Sample_263,Student Center,Valid,Owner 1,App_390,Name_215,Backup_124,Client Data,AZAZA,A12222,Manager C,Manager C322,Sample,Sample,Sample,Sample Department Trading,124,Sample Marketing 11111,Sample,UK,Sample,Sample,Sample,Sample,Sample,250
Sample_337,UCL,Valid,Owner 4,App_414,Name_285,Backup_271,User Profiles,EEEEE,A12222,Manager B,Manager A123,Sample,Sample,Sample,Sample Department Trading,41,Sample Marketing 11111,Sample,US,Sample,Sample,Sample,Sample,Sample,250
Sample_150,Student Center,Valid,Owner 2,App_58,Name_416,Backup_386,Employee Records,IIIIII,B99999,Manager A,Manager A123,Sample,Sample,Sample,Sample Department Marketing,238,Sample Trading 22222,Sample,US,Sample,Sample,Sample,Sample,Sample,250
Sample_242,Moodle,Valid,Owner 5,App_262,Name_415,Backup_412,Client Data,ABCDE,C78787,Manager B,Manager A123,Sample,Sample,Sample,Sample Department Marketing,33,Sample Technology 33333,Sample,UK,Sample,Sample,Sample,Sample,Sample,250
Sample_334,Moodle,Valid,Owner 3,App_128,Name_127,Backup_124,Client Data,ABCDE,D48488,Manager B,Manager B948,Sample,Sample,Sample,Sample Department Technology,179,Sample Trading 22222,Sample,US,Sample,Sample,Sample,Sample,Sample,250
Sample_365,Student Center,Valid,Owner 1,App_114,Name_343,Backup_250,Valuable Information,EEEEE,C78787,Manager B,Manager A123,Sample,Sample,Sample,Sample Department Technology,284,Sample Marketing 11111,Sample,UK,Sample,Sample,Sample,Sample,Sample,250
Sample_256,Moodle,Valid,Owner 3,App_226,Name_325,Backup_289,Employee Records,IIIIII,A12222,Manager B,Manager B948,Sample,Sample,Sample,Sample Department Marketing,256,Sample Trading 22222,Sample,US,Sample,Sample,Sample,Sample,Sample,250
Sample_351,Student Center,Valid,Owner 3,App_110,Name_3,Backup_156,Priority Access,ABCDE,D48488,Manager C,Manager B948,Sample,Sample,Sample,Sample Department Technology,141,Sample Trading 22222,Sample,US,Sample,Sample,Sample,Sample,Sample,250
Sample_296,Student Center,Valid,Owner 4,App_247,Name_385,Backup_111,Trading System,EEEEE,C78787,Manager B,Manager C322,Sample,Sample,Sample,Sample Department Technology,270,Sample Marketing 11111,Sample,UK,Sample,Sample,Sample,Sample,Sample,250
Sample_388,UCL,Valid,Owner 2,App_488,Name_107,Backup_317,Client Data,AZAZA,D48488,Manager A,Manager A123,Sample,Sample,Sample,Sample Department Marketing,116,Sample Marketing 11111,Sample,US,Sample,Sample,Sample,Sample,Sample,250
Sample_312,Student Center,Valid,Owner 2,App_228,Name_171,Backup_224,Client Data,AZAZA,B99999,Manager C,Manager A123,Sample,Sample,Sample,Sample Department Marketing,209,Sample Technology 33333,Sample,UK,Sample,Sample,Sample,Sample,Sample,250
Sample_457,Student Center,Valid,Owner 3,App_197,Name_206,Backup_437,Client Data,AZAZA,A12222,Manager A,Manager B948,Sample,Sample,Sample,Sample Department Technology,231,Sample Trading 22222,Sample,UK,Sample,Sample,Sample,Sample,Sample,250
Sample_137,Student Center,Valid,Owner 5,App_443,Name_459,Backup_427,General Access,IIIIII,D48488,Manager A,Manager C322,Sample,Sample,Sample,Sample Department Trading,132,Sample Trading 22222,Sample,UK,Sample,Sample,Sample,Sample,Sample,250
Sample_318,Student Center,Valid,Owner 5,App_305,Name_382,Backup_223,Investment Data,ABCDE,B99999,Manager B,Manager A123,Sample,Sample,Sample,Sample Department Marketing,162,Sample Trading 22222,Sample,UK,Sample,Sample,Sample,Sample,Sample,250
Sample_71,Student Center,Valid,Owner 1,App_158,Name_459,Backup_444,Investment Data,IIIIII,C78787,Manager B,Manager A123,Sample,Sample,Sample,Sample Department Trading,192,Sample Trading 22222,Sample,UK,Sample,Sample,Sample,Sample,Sample,250
Sample_412,UCL,Valid,Owner 5,App_500,Name_7,Backup_65,General Access,IIIIII,D48488,Manager C,Manager B948,Sample,Sample,Sample,Sample Department Trading,241,Sample Technology 33333,Sample,UK,Sample,Sample,Sample,Sample,Sample,250
Sample_410,UCL,Valid,Owner 3,App_167,Name_335,Backup_142,Trading System,EEEEE,D48488,Manager A,Manager C322,Sample,Sample,Sample,Sample Department Technology,188,Sample Technology 33333,Sample,UK,Sample,Sample,Sample,Sample,Sample,250
Sample_443,UCL,Valid,Owner 1,App_367,Name_356,Backup_90,Client Data,EEEEE,B99999,Manager A,Manager C322,Sample,Sample,Sample,Sample Department Trading,69,Sample Marketing 11111,Sample,US,Sample,Sample,Sample,Sample,Sample,250
Sample_375,UCL,Valid,Owner 3,App_490,Name_104,Backup_71,Investment Data,ABCDE,B99999,Manager C,Manager C322,Sample,Sample,Sample,Sample Department Technology,139,Sample Trading 22222,Sample,UK,Sample,Sample,Sample,Sample,Sample,250
Sample_57,Moodle,Valid,Owner 1,App_394,Name_293,Backup_358,Investment Data,EEEEE,A12222,Manager A,Manager A123,Sample,Sample,Sample,Sample Department Trading,102,Sample Technology 33333,Sample,UK,Sample,Sample,Sample,Sample,Sample,250
Sample_78,Moodle,Valid,Owner 2,App_20,Name_260,Backup_304,Client Data,IIIIII,D48488,Manager A,Manager B948,Sample,Sample,Sample,Sample Department Trading,13,Sample Marketing 11111,Sample,US,Sample,Sample,Sample,Sample,Sample,250
Sample_249,UCL,Valid,Owner 1,App_213,Name_4,Backup_463,Trading System,AZAZA,A12222,Manager B,Manager C322,Sample,Sample,Sample,Sample Department Marketing,47,Sample Marketing 11111,Sample,US,Sample,Sample,Sample,Sample,Sample,250
Sample_150,Moodle,Valid,Owner 3,App_314,Name_346,Backup_350,User Profiles,AZAZA,D48488,Manager B,Manager B948,Sample,Sample,Sample,Sample Department Technology,86,Sample Trading 22222,Sample,US,Sample,Sample,Sample,Sample,Sample,250
Sample_361,UCL,Valid,Owner 5,App_235,Name_349,Backup_453,Valuable Information,AZAZA,B99999,Manager A,Manager C322,Sample,Sample,Sample,Sample Department Technology,222,Sample Trading 22222,Sample,UK,Sample,Sample,Sample,Sample,Sample,250
Sample_272,Moodle,Valid,Owner 5,App_249,Name_23,Backup_283,Trading System,ABCDE,A12222,Manager A,Manager B948,Sample,Sample,Sample,Sample Department Marketing,135,Sample Trading 22222,Sample,UK,Sample,Sample,Sample,Sample,Sample,250
Sample_138,Student Center,Valid,Owner 4,App_102,Name_266,Backup_146,Investment Data,ABCDE,D48488,Manager A,Manager A123,Sample,Sample,Sample,Sample Department Trading,43,Sample Marketing 11111,Sample,UK,Sample,Sample,Sample,Sample,Sample,250
Sample_441,Moodle,Valid,Owner 1,App_259,Name_105,Backup_216,Employee Records,EEEEE,D48488,Manager A,Manager B948,Sample,Sample,Sample,Sample Department Trading,269,Sample Technology 33333,Sample,UK,Sample,Sample,Sample,Sample,Sample,250
Sample_2,UCL,Valid,Owner 5,App_51,Name_429,Backup_195,Investment Data,AZAZA,D48488,Manager A,Manager B948,Sample,Sample,Sample,Sample Department Technology,281,Sample Trading 22222,Sample,UK,Sample,Sample,Sample,Sample,Sample,250
Sample_394,Student Center,Valid,Owner 3,App_295,Name_247,Backup_111,Employee Records,IIIIII,D48488,Manager A,Manager A123,Sample,Sample,Sample,Sample Department Trading,240,Sample Trading 22222,Sample,UK,Sample,Sample,Sample,Sample,Sample,250
Sample_386,UCL,Valid,Owner 1,App_379,Name_65,Backup_425,Trading System,IIIIII,C78787,Manager B,Manager B948,Sample,Sample,Sample,Sample Department Trading,22,Sample Marketing 11111,Sample,US,Sample,Sample,Sample,Sample,Sample,250
Sample_314,Moodle,Valid,Owner 1,App_471,Name_23,Backup_249,General Access,IIIIII,A12222,Manager B,Manager C322,Sample,Sample,Sample,Sample Department Trading,125,Sample Marketing 11111,Sample,US,Sample,Sample,Sample,Sample,Sample,250
Sample_424,Moodle,Valid,Owner 2,App_357,Name_293,Backup_480,Employee Records,ABCDE,A12222,Manager C,Manager B948,Sample,Sample,Sample,Sample Department Trading,138,Sample Trading 22222,Sample,US,Sample,Sample,Sample,Sample,Sample,250
Sample_318,Moodle,Valid,Owner 3,App_371,Name_24,Backup_74,User Profiles,EEEEE,C78787,Manager C,Manager A123,Sample,Sample,Sample,Sample Department Technology,76,Sample Marketing 11111,Sample,US,Sample,Sample,Sample,Sample,Sample,250
Sample_52,Student Center,Valid,Owner 5,App_72,Name_414,Backup_283,User Profiles,IIIIII,D48488,Manager B,Manager A123,Sample,Sample,Sample,Sample Department Marketing,211,Sample Trading 22222,Sample,US,Sample,Sample,Sample,Sample,Sample,250
Sample_5,UCL,Valid,Owner 3,App_277,Name_151,Backup_94,Client Data,IIIIII,D48488,Manager C,Manager C322,Sample,Sample,Sample,Sample Department Marketing,220,Sample Trading 22222,Sample,US,Sample,Sample,Sample,Sample,Sample,250
Sample_95,UCL,Valid,Owner 1,App_337,Name_61,Backup_281,Priority Access,ABCDE,C78787,Manager C,Manager C322,Sample,Sample,Sample,Sample Department Trading,82,Sample Technology 33333,Sample,US,Sample,Sample,Sample,Sample,Sample,250
Sample_278,Moodle,Valid,Owner 2,App_472,Name_374,Backup_204,Trading System,EEEEE,B99999,Manager B,Manager C322,Sample,Sample,Sample,Sample Department Trading,44,Sample Marketing 11111,Sample,US,Sample,Sample,Sample,Sample,Sample,250
Sample_365,Student Center,Valid,Owner 1,App_449,Name_333,Backup_22,User Profiles,AZAZA,B99999,Manager A,Manager B948,Sample,Sample,Sample,Sample Department Technology,59,Sample Marketing 11111,Sample,UK,Sample,Sample,Sample,Sample,Sample,250
Sample_364,Moodle,Valid,Owner 4,App_82,Name_164,Backup_108,Valuable Information,EEEEE,A12222,Manager B,Manager A123,Sample,Sample,Sample,Sample Department Marketing,158,Sample Trading 22222,Sample,UK,Sample,Sample,Sample,Sample,Sample,250
Sample_65,Student Center,Valid,Owner 1,App_445,Name_2,Backup_434,Valuable Information,IIIIII,B99999,Manager A,Manager B948,Sample,Sample,Sample,Sample Department Technology,59,Sample Marketing 11111,Sample,US,Sample,Sample,Sample,Sample,Sample,250
Sample_322,UCL,Valid,Owner 5,App_193,Name_90,Backup_74,Priority Access,EEEEE,B99999,Manager A,Manager C322,Sample,Sample,Sample,Sample Department Technology,60,Sample Trading 22222,Sample,UK,Sample,Sample,Sample,Sample,Sample,250
Sample_132,Moodle,Valid,Owner 4,App_409,Name_381,Backup_285,Client Data,ABCDE,B99999,Manager A,Manager B948,Sample,Sample,Sample,Sample Department Trading,298,Sample Technology 33333,Sample,US,Sample,Sample,Sample,Sample,Sample,250
Sample_236,Moodle,Valid,Owner 4,App_340,Name_40,Backup_406,User Profiles,ABCDE,B99999,Manager C,Manager B948,Sample,Sample,Sample,Sample Department Technology,157,Sample Trading 22222,Sample,UK,Sample,Sample,Sample,Sample,Sample,250
Sample_383,Student Center,Valid,Owner 2,App_326,Name_121,Backup_95,Trading System,ABCDE,C78787,Manager A,Manager C322,Sample,Sample,Sample,Sample Department Technology,300,Sample Marketing 11111,Sample,UK,Sample,Sample,Sample,Sample,Sample,250
Sample_283,Moodle,Valid,Owner 2,App_253,Name_4,Backup_155,User Profiles,EEEEE,D48488,Manager A,Manager C322,Sample,Sample,Sample,Sample Department Technology,174,Sample Trading 22222,Sample,US,Sample,Sample,Sample,Sample,Sample,250
Sample_286,Student Center,Valid,Owner 1,App_323,Name_465,Backup_264,Employee Records,ABCDE,B99999,Manager A,Manager A123,Sample,Sample,Sample,Sample Department Technology,22,Sample Technology 33333,Sample,US,Sample,Sample,Sample,Sample,Sample,250
Sample_229,Moodle,Valid,Owner 5,App_348,Name_68,Backup_255,User Profiles,ABCDE,A12222,Manager C,Manager B948,Sample,Sample,Sample,Sample Department Technology,46,Sample Marketing 11111,Sample,UK,Sample,Sample,Sample,Sample,Sample,250
Sample_473,UCL,Valid,Owner 5,App_315,Name_128,Backup_10,Investment Data,ABCDE,C78787,Manager C,Manager A123,Sample,Sample,Sample,Sample Department Trading,199,Sample Trading 22222,Sample,US,Sample,Sample,Sample,Sample,Sample,250
Sample_235,Moodle,Valid,Owner 4,App_96,Name_494,Backup_368,Employee Records,IIIIII,B99999,Manager C,Manager A123,Sample,Sample,Sample,Sample Department Marketing,91,Sample Trading 22222,Sample,UK,Sample,Sample,Sample,Sample,Sample,250
Sample_450,UCL,Valid,Owner 1,App_187,Name_380,Backup_129,General Access,EEEEE,A12222,Manager C,Manager C322,Sample,Sample,Sample,Sample Department Technology,272,Sample Technology 33333,Sample,US,Sample,Sample,Sample,Sample,Sample,250
Sample_347,Student Center,Valid,Owner 3,App_16,Name_320,Backup_58,General Access,EEEEE,B99999,Manager B,Manager A123,Sample,Sample,Sample,Sample Department Marketing,119,Sample Technology 33333,Sample,UK,Sample,Sample,Sample,Sample,Sample,250
Sample_286,Student Center,Valid,Owner 2,App_128,Name_409,Backup_196,Investment Data,EEEEE,B99999,Manager B,Manager A123,Sample,Sample,Sample,Sample Department Technology,113,Sample Trading 22222,Sample,UK,Sample,Sample,Sample,Sample,Sample,250
Sample_393,Moodle,Valid,Owner 4,App_305,Name_75,Backup_1,General Access,EEEEE,B99999,Manager B,Manager B948,Sample,Sample,Sample,Sample Department Marketing,54,Sample Marketing 11111,Sample,US,Sample,Sample,Sample,Sample,Sample,250
Sample_324,Moodle,Valid,Owner 2,App_437,Name_98,Backup_491,Market Data,EEEEE,D48488,Manager B,Manager B948,Sample,Sample,Sample,Sample Department Trading,238,Sample Marketing 11111,Sample,US,Sample,Sample,Sample,Sample,Sample,250
Sample_397,UCL,Valid,Owner 3,App_485,Name_396,Backup_450,Valuable Information,EEEEE,D48488,Manager A,Manager C322,Sample,Sample,Sample,Sample Department Marketing,69,Sample Technology 33333,Sample,UK,Sample,Sample,Sample,Sample,Sample,250
Sample_435,Student Center,Valid,Owner 2,App_135,Name_214,Backup_233,Priority Access,AZAZA,B99999,Manager B,Manager C322,Sample,Sample,Sample,Sample Department Trading,221,Sample Trading 22222,Sample,UK,Sample,Sample,Sample,Sample,Sample,250
Sample_468,UCL,Valid,Owner 3,App_245,Name_252,Backup_477,Investment Data,ABCDE,D48488,Manager A,Manager C322,Sample,Sample,Sample,Sample Department Technology,229,Sample Technology 33333,Sample,US,Sample,Sample,Sample,Sample,Sample,250
Sample_170,Student Center,Valid,Owner 4,App_486,Name_372,Backup_425,Market Data,IIIIII,A12222,Manager C,Manager A123,Sample,Sample,Sample,Sample Department Technology,87,Sample Trading 22222,Sample,UK,Sample,Sample,Sample,Sample,Sample,250
Sample_78,UCL,Valid,Owner 3,App_266,Name_26,Backup_216,Priority Access,ABCDE,B99999,Manager A,Manager A123,Sample,Sample,Sample,Sample Department Trading,52,Sample Marketing 11111,Sample,US,Sample,Sample,Sample,Sample,Sample,250
Sample_273,UCL,Valid,Owner 5,App_357,Name_175,Backup_491,Client Data,ABCDE,B99999,Manager B,Manager A123,Sample,Sample,Sample,Sample Department Technology,179,Sample Trading 22222,Sample,UK,Sample,Sample,Sample,Sample,Sample,250
Sample_125,Moodle,Valid,Owner 3,App_26,Name_435,Backup_326,Trading System,EEEEE,B99999,Manager A,Manager B948,Sample,Sample,Sample,Sample Department Trading,133,Sample Marketing 11111,Sample,US,Sample,Sample,Sample,Sample,Sample,250
Sample_436,Moodle,Valid,Owner 1,App_287,Name_121,Backup_58,Trading System,EEEEE,D48488,Manager C,Manager C322,Sample,Sample,Sample,Sample Department Marketing,140,Sample Technology 33333,Sample,US,Sample,Sample,Sample,Sample,Sample,250
Sample_229,Student Center,Valid,Owner 3,App_70,Name_204,Backup_346,General Access,AZAZA,A12222,Manager B,Manager C322,Sample,Sample,Sample,Sample Department Trading,81,Sample Trading 22222,Sample,UK,Sample,Sample,Sample,Sample,Sample,250
Sample_164,Moodle,Valid,Owner 1,App_479,Name_418,Backup_31,Trading System,AZAZA,C78787,Manager C,Manager B948,Sample,Sample,Sample,Sample Department Trading,111,Sample Marketing 11111,Sample,UK,Sample,Sample,Sample,Sample,Sample,250
Sample_371,UCL,Valid,Owner 4,App_499,Name_483,Backup_202,Market Data,ABCDE,D48488,Manager B,Manager A123,Sample,Sample,Sample,Sample Department Marketing,158,Sample Trading 22222,Sample,UK,Sample,Sample,Sample,Sample,Sample,250
Sample_332,Moodle,Valid,Owner 4,App_179,Name_14,Backup_251,Market Data,AZAZA,C78787,Manager C,Manager C322,Sample,Sample,Sample,Sample Department Technology,296,Sample Trading 22222,Sample,US,Sample,Sample,Sample,Sample,Sample,250
Sample_133,UCL,Valid,Owner 3,App_383,Name_282,Backup_62,Client Data,EEEEE,C78787,Manager B,Manager B948,Sample,Sample,Sample,Sample Department Trading,272,Sample Trading 22222,Sample,US,Sample,Sample,Sample,Sample,Sample,250
Sample_224,UCL,Valid,Owner 4,App_57,Name_33,Backup_461,Market Data,EEEEE,B99999,Manager C,Manager C322,Sample,Sample,Sample,Sample Department Technology,18,Sample Trading 22222,Sample,UK,Sample,Sample,Sample,Sample,Sample,250
Sample_376,Student Center,Valid,Owner 3,App_236,Name_130,Backup_128,Employee Records,EEEEE,B99999,Manager B,Manager A123,Sample,Sample,Sample,Sample Department Technology,181,Sample Technology 33333,Sample,US,Sample,Sample,Sample,Sample,Sample,250
Sample_192,UCL,Valid,Owner 2,App_249,Name_406,Backup_296,Employee Records,ABCDE,A12222,Manager C,Manager C322,Sample,Sample,Sample,Sample Department Technology,130,Sample Trading 22222,Sample,US,Sample,Sample,Sample,Sample,Sample,250
Sample_230,Moodle,Valid,Owner 4,App_348,Name_342,Backup_104,Client Data,AZAZA,C78787,Manager A,Manager B948,Sample,Sample,Sample,Sample Department Marketing,16,Sample Trading 22222,Sample,UK,Sample,Sample,Sample,Sample,Sample,250
Sample_374,Student Center,Valid,Owner 5,App_285,Name_378,Backup_174,Employee Records,AZAZA,C78787,Manager A,Manager A123,Sample,Sample,Sample,Sample Department Technology,297,Sample Trading 22222,Sample,US,Sample,Sample,Sample,Sample,Sample,250
Sample_257,Student Center,Valid,Owner 5,App_184,Name_292,Backup_237,Employee Records,EEEEE,A12222,Manager B,Manager A123,Sample,Sample,Sample,Sample Department Technology,277,Sample Marketing 11111,Sample,UK,Sample,Sample,Sample,Sample,Sample,250
Sample_314,Student Center,Valid,Owner 5,App_387,Name_256,Backup_301,Investment Data,ABCDE,C78787,Manager A,Manager C322,Sample,Sample,Sample,Sample Department Technology,62,Sample Technology 33333,Sample,US,Sample,Sample,Sample,Sample,Sample,250
Sample_418,UCL,Valid,Owner 2,App_427,Name_153,Backup_439,Investment Data,EEEEE,C78787,Manager A,Manager B948,Sample,Sample,Sample,Sample Department Marketing,116,Sample Marketing 11111,Sample,UK,Sample,Sample,Sample,Sample,Sample,250
Sample_136,Student Center,Valid,Owner 1,App_240,Name_422,Backup_133,Priority Access,IIIIII,C78787,Manager B,Manager C322,Sample,Sample,Sample,Sample Department Technology,129,Sample Technology 33333,Sample,US,Sample,Sample,Sample,Sample,Sample,250
Sample_458,Moodle,Valid,Owner 1,App_213,Name_245,Backup_77,User Profiles,AZAZA,D48488,Manager C,Manager B948,Sample,Sample,Sample,Sample Department Trading,138,Sample Trading 22222,Sample,US,Sample,Sample,Sample,Sample,Sample,250
Sample_126,UCL,Valid,Owner 2,App_431,Name_202,Backup_367,Trading System,AZAZA,A12222,Manager B,Manager C322,Sample,Sample,Sample,Sample Department Technology,240,Sample Marketing 11111,Sample,UK,Sample,Sample,Sample,Sample,Sample,250
Sample_198,Student Center,Valid,Owner 2,App_482,Name_335,Backup_459,Valuable Information,EEEEE,A12222,Manager C,Manager C322,Sample,Sample,Sample,Sample Department Technology,123,Sample Marketing 11111,Sample,US,Sample,Sample,Sample,Sample,Sample,250
Sample_32,Moodle,Valid,Owner 1,App_168,Name_82,Backup_341,Trading System,ABCDE,A12222,Manager B,Manager B948,Sample,Sample,Sample,Sample Department Marketing,106,Sample Marketing 11111,Sample,US,Sample,Sample,Sample,Sample,Sample,250
Sample_5,Student Center,Valid,Owner 5,App_176,Name_92,Backup_217,General Access,EEEEE,B99999,Manager C,Manager A123,Sample,Sample,Sample,Sample Department Marketing,28,Sample Marketing 11111,Sample,US,Sample,Sample,Sample,Sample,Sample,250
Sample_129,Moodle,Valid,Owner 4,App_216,Name_363,Backup_130,Client Data,EEEEE,D48488,Manager B,Manager B948,Sample,Sample,Sample,Sample Department Trading,283,Sample Technology 33333,Sample,US,Sample,Sample,Sample,Sample,Sample,250
Sample_34,UCL,Valid,Owner 5,App_340,Name_419,Backup_144,Priority Access,IIIIII,C78787,Manager B,Manager C322,Sample,Sample,Sample,Sample Department Trading,153,Sample Trading 22222,Sample,UK,Sample,Sample,Sample,Sample,Sample,250
Sample_261,Moodle,Valid,Owner 4,App_13,Name_176,Backup_359,General Access,EEEEE,C78787,Manager B,Manager A123,Sample,Sample,Sample,Sample Department Technology,43,Sample Technology 33333,Sample,UK,Sample,Sample,Sample,Sample,Sample,250
Sample_204,UCL,Valid,Owner 4,App_44,Name_233,Backup_191,User Profiles,IIIIII,D48488,Manager A,Manager B948,Sample,Sample,Sample,Sample Department Marketing,160,Sample Marketing 11111,Sample,US,Sample,Sample,Sample,Sample,Sample,250
Sample_439,Student Center,Valid,Owner 3,App_301,Name_40,Backup_284,Investment Data,AZAZA,B99999,Manager B,Manager B948,Sample,Sample,Sample,Sample Department Trading,283,Sample Marketing 11111,Sample,US,Sample,Sample,Sample,Sample,Sample,250
Sample_215,Student Center,Valid,Owner 2,App_84,Name_7,Backup_284,Trading System,EEEEE,C78787,Manager B,Manager B948,Sample,Sample,Sample,Sample Department Trading,200,Sample Trading 22222,Sample,UK,Sample,Sample,Sample,Sample,Sample,250
Sample_142,Moodle,Valid,Owner 4,App_498,Name_454,Backup_341,Investment Data,IIIIII,B99999,Manager B,Manager C322,Sample,Sample,Sample,Sample Department Technology,230,Sample Technology 33333,Sample,UK,Sample,Sample,Sample,Sample,Sample,250
Sample_481,UCL,Valid,Owner 5,App_169,Name_424,Backup_433,General Access,ABCDE,A12222,Manager A,Manager C322,Sample,Sample,Sample,Sample Department Trading,220,Sample Marketing 11111,Sample,US,Sample,Sample,Sample,Sample,Sample,250
Sample_301,UCL,Valid,Owner 3,App_2,Name_428,Backup_8,Market Data,EEEEE,A12222,Manager B,Manager A123,Sample,Sample,Sample,Sample Department Marketing,169,Sample Marketing 11111,Sample,UK,Sample,Sample,Sample,Sample,Sample,250
Sample_52,Student Center,Valid,Owner 2,App_250,Name_28,Backup_306,Investment Data,AZAZA,D48488,Manager B,Manager B948,Sample,Sample,Sample,Sample Department Technology,104,Sample Technology 33333,Sample,US,Sample,Sample,Sample,Sample,Sample,250
Sample_94,Moodle,Valid,Owner 3,App_31,Name_144,Backup_311,Priority Access,AZAZA,D48488,Manager A,Manager A123,Sample,Sample,Sample,Sample Department Trading,274,Sample Trading 22222,Sample,UK,Sample,Sample,Sample,Sample,Sample,250
Sample_132,Moodle,Valid,Owner 1,App_463,Name_416,Backup_103,Priority Access,AZAZA,D48488,Manager A,Manager C322,Sample,Sample,Sample,Sample Department Trading,269,Sample Trading 22222,Sample,UK,Sample,Sample,Sample,Sample,Sample,250
Sample_67,Moodle,Valid,Owner 5,App_30,Name_171,Backup_485,Trading System,IIIIII,D48488,Manager B,Manager A123,Sample,Sample,Sample,Sample Department Marketing,94,Sample Trading 22222,Sample,US,Sample,Sample,Sample,Sample,Sample,250
Sample_132,UCL,Valid,Owner 4,App_185,Name_199,Backup_215,Client Data,EEEEE,D48488,Manager A,Manager B948,Sample,Sample,Sample,Sample Department Marketing,161,Sample Marketing 11111,Sample,US,Sample,Sample,Sample,Sample,Sample,250
Sample_19,UCL,Valid,Owner 5,App_120,Name_429,Backup_278,Investment Data,ABCDE,A12222,Manager A,Manager A123,Sample,Sample,Sample,Sample Department Trading,61,Sample Trading 22222,Sample,UK,Sample,Sample,Sample,Sample,Sample,250
Sample_279,Moodle,Valid,Owner 1,App_40,Name_426,Backup_290,Client Data,EEEEE,D48488,Manager C,Manager C322,Sample,Sample,Sample,Sample Department Trading,147,Sample Trading 22222,Sample,UK,Sample,Sample,Sample,Sample,Sample,250
Sample_150,Moodle,Valid,Owner 2,App_3,Name_267,Backup_205,Valuable Information,EEEEE,C78787,Manager C,Manager C322,Sample,Sample,Sample,Sample Department Trading,44,Sample Technology 33333,Sample,US,Sample,Sample,Sample,Sample,Sample,250
Sample_277,Moodle,Valid,Owner 1,App_213,Name_362,Backup_457,Client Data,AZAZA,B99999,Manager A,Manager B948,Sample,Sample,Sample,Sample Department Marketing,271,Sample Marketing 11111,Sample,US,Sample,Sample,Sample,Sample,Sample,250
Sample_256,Student Center,Valid,Owner 4,App_322,Name_361,Backup_189,Trading System,ABCDE,A12222,Manager C,Manager C322,Sample,Sample,Sample,Sample Department Technology,289,Sample Marketing 11111,Sample,US,Sample,Sample,Sample,Sample,Sample,250
Sample_246,UCL,Valid,Owner 5,App_139,Name_234,Backup_443,Valuable Information,ABCDE,B99999,Manager C,Manager B948,Sample,Sample,Sample,Sample Department Marketing,158,Sample Trading 22222,Sample,UK,Sample,Sample,Sample,Sample,Sample,250
Sample_324,UCL,Valid,Owner 5,App_13,Name_426,Backup_52,Investment Data,IIIIII,C78787,Manager A,Manager A123,Sample,Sample,Sample,Sample Department Technology,206,Sample Marketing 11111,Sample,US,Sample,Sample,Sample,Sample,Sample,250
Sample_437,UCL,Valid,Owner 1,App_439,Name_37,Backup_330,Client Data,EEEEE,D48488,Manager A,Manager A123,Sample,Sample,Sample,Sample Department Trading,204,Sample Marketing 11111,Sample,UK,Sample,Sample,Sample,Sample,Sample,250
Sample_312,UCL,Valid,Owner 3,App_487,Name_85,Backup_117,General Access,AZAZA,A12222,Manager B,Manager B948,Sample,Sample,Sample,Sample Department Technology,123,Sample Technology 33333,Sample,UK,Sample,Sample,Sample,Sample,Sample,250
Sample_142,Student Center,Valid,Owner 5,App_437,Name_170,Backup_289,General Access,EEEEE,C78787,Manager C,Manager B948,Sample,Sample,Sample,Sample Department Trading,125,Sample Technology 33333,Sample,US,Sample,Sample,Sample,Sample,Sample,250
Sample_447,Moodle,Valid,Owner 2,App_399,Name_7,Backup_108,Valuable Information,AZAZA,A12222,Manager C,Manager B948,Sample,Sample,Sample,Sample Department Trading,163,Sample Marketing 11111,Sample,UK,Sample,Sample,Sample,Sample,Sample,250
Sample_128,Moodle,Valid,Owner 5,App_77,Name_258,Backup_133,Market Data,ABCDE,C78787,Manager B,Manager B948,Sample,Sample,Sample,Sample Department Technology,35,Sample Trading 22222,Sample,US,Sample,Sample,Sample,Sample,Sample,250
Sample_294,Student Center,Valid,Owner 5,App_246,Name_447,Backup_242,Trading System,AZAZA,B99999,Manager C,Manager A123,Sample,Sample,Sample,Sample Department Trading,6,Sample Trading 22222,Sample,UK,Sample,Sample,Sample,Sample,Sample,250
Sample_292,UCL,Valid,Owner 4,App_264,Name_97,Backup_19,Market Data,IIIIII,B99999,Manager A,Manager C322,Sample,Sample,Sample,Sample Department Technology,58,Sample Trading 22222,Sample,UK,Sample,Sample,Sample,Sample,Sample,250
Sample_63,UCL,Valid,Owner 1,App_358,Name_453,Backup_444,Investment Data,ABCDE,D48488,Manager B,Manager C322,Sample,Sample,Sample,Sample Department Marketing,50,Sample Technology 33333,Sample,US,Sample,Sample,Sample,Sample,Sample,250
Sample_415,Student Center,Valid,Owner 5,App_461,Name_155,Backup_371,Market Data,AZAZA,C78787,Manager C,Manager C322,Sample,Sample,Sample,Sample Department Technology,124,Sample Trading 22222,Sample,UK,Sample,Sample,Sample,Sample,Sample,250
Sample_481,Student Center,Valid,Owner 1,App_321,Name_147,Backup_7,Priority Access,EEEEE,D48488,Manager B,Manager B948,Sample,Sample,Sample,Sample Department Marketing,158,Sample Marketing 11111,Sample,UK,Sample,Sample,Sample,Sample,Sample,250
Sample_117,Moodle,Valid,Owner 3,App_268,Name_292,Backup_164,Trading System,AZAZA,D48488,Manager B,Manager A123,Sample,Sample,Sample,Sample Department Marketing,62,Sample Marketing 11111,Sample,UK,Sample,Sample,Sample,Sample,Sample,250
Sample_467,Moodle,Valid,Owner 5,App_366,Name_371,Backup_157,Client Data,EEEEE,D48488,Manager B,Manager B948,Sample,Sample,Sample,Sample Department Technology,182,Sample Marketing 11111,Sample,US,Sample,Sample,Sample,Sample,Sample,250
Sample_288,Moodle,Valid,Owner 2,App_314,Name_449,Backup_169,Valuable Information,ABCDE,A12222,Manager A,Manager A123,Sample,Sample,Sample,Sample Department Trading,142,Sample Trading 22222,Sample,US,Sample,Sample,Sample,Sample,Sample,250
Sample_443,Moodle,Valid,Owner 3,App_208,Name_427,Backup_470,Market Data,ABCDE,B99999,Manager B,Manager B948,Sample,Sample,Sample,Sample Department Trading,130,Sample Technology 33333,Sample,UK,Sample,Sample,Sample,Sample,Sample,250
Sample_168,Moodle,Valid,Owner 4,App_211,Name_286,Backup_329,General Access,IIIIII,C78787,Manager C,Manager B948,Sample,Sample,Sample,Sample Department Trading,53,Sample Marketing 11111,Sample,US,Sample,Sample,Sample,Sample,Sample,250
Sample_290,Moodle,Valid,Owner 1,App_381,Name_120,Backup_212,Employee Records,IIIIII,C78787,Manager A,Manager A123,Sample,Sample,Sample,Sample Department Technology,256,Sample Marketing 11111,Sample,US,Sample,Sample,Sample,Sample,Sample,250
Sample_281,Student Center,Valid,Owner 1,App_472,Name_254,Backup_276,Client Data,ABCDE,D48488,Manager A,Manager C322,Sample,Sample,Sample,Sample Department Trading,236,Sample Trading 22222,Sample,UK,Sample,Sample,Sample,Sample,Sample,250
Sample_33,UCL,Valid,Owner 5,App_108,Name_194,Backup_392,User Profiles,IIIIII,D48488,Manager A,Manager B948,Sample,Sample,Sample,Sample Department Trading,231,Sample Trading 22222,Sample,UK,Sample,Sample,Sample,Sample,Sample,250
Sample_243,UCL,Valid,Owner 4,App_264,Name_44,Backup_239,Priority Access,EEEEE,B99999,Manager A,Manager A123,Sample,Sample,Sample,Sample Department Marketing,7,Sample Marketing 11111,Sample,US,Sample,Sample,Sample,Sample,Sample,250
Sample_388,UCL,Valid,Owner 5,App_241,Name_31,Backup_327,Investment Data,IIIIII,C78787,Manager C,Manager A123,Sample,Sample,Sample,Sample Department Trading,228,Sample Trading 22222,Sample,UK,Sample,Sample,Sample,Sample,Sample,250
Sample_219,UCL,Valid,Owner 5,App_85,Name_246,Backup_194,Valuable Information,EEEEE,D48488,Manager A,Manager B948,Sample,Sample,Sample,Sample Department Technology,118,Sample Marketing 11111,Sample,US,Sample,Sample,Sample,Sample,Sample,250
Sample_481,Moodle,Valid,Owner 4,App_376,Name_62,Backup_297,Trading System,ABCDE,D48488,Manager C,Manager C322,Sample,Sample,Sample,Sample Department Technology,48,Sample Marketing 11111,Sample,US,Sample,Sample,Sample,Sample,Sample,250
Sample_159,Moodle,Valid,Owner 5,App_10,Name_285,Backup_4,Employee Records,IIIIII,B99999,Manager A,Manager A123,Sample,Sample,Sample,Sample Department Marketing,3,Sample Trading 22222,Sample,US,Sample,Sample,Sample,Sample,Sample,250
Sample_389,Moodle,Valid,Owner 2,App_88,Name_302,Backup_388,Valuable Information,ABCDE,B99999,Manager C,Manager B948,Sample,Sample,Sample,Sample Department Technology,138,Sample Trading 22222,Sample,US,Sample,Sample,Sample,Sample,Sample,250
Sample_441,Moodle,Valid,Owner 3,App_258,Name_318,Backup_338,User Profiles,ABCDE,D48488,Manager C,Manager B948,Sample,Sample,Sample,Sample Department Trading,131,Sample Trading 22222,Sample,US,Sample,Sample,Sample,Sample,Sample,250
Sample_109,Student Center,Valid,Owner 2,App_390,Name_444,Backup_34,Trading System,ABCDE,C78787,Manager C,Manager B948,Sample,Sample,Sample,Sample Department Marketing,268,Sample Trading 22222,Sample,US,Sample,Sample,Sample,Sample,Sample,250
Sample_254,Student Center,Valid,Owner 1,App_37,Name_283,Backup_416,Client Data,ABCDE,A12222,Manager A,Manager C322,Sample,Sample,Sample,Sample Department Trading,258,Sample Technology 33333,Sample,US,Sample,Sample,Sample,Sample,Sample,250
Sample_301,UCL,Valid,Owner 2,App_151,Name_414,Backup_472,Employee Records,ABCDE,D48488,Manager C,Manager A123,Sample,Sample,Sample,Sample Department Marketing,250,Sample Trading 22222,Sample,UK,Sample,Sample,Sample,Sample,Sample,250
Sample_84,Moodle,Valid,Owner 1,App_294,Name_176,Backup_287,Valuable Information,IIIIII,A12222,Manager A,Manager B948,Sample,Sample,Sample,Sample Department Technology,242,Sample Trading 22222,Sample,UK,Sample,Sample,Sample,Sample,Sample,250
